27.03.2020,http://pruszkow.psse.waw.pl/3367/sytuacja-epidemiologiczna-na-terenie-powiatu-pruszkowskiego-na-dzien-27-03-2020-r,16
28.03.2020,http://pruszkow.psse.waw.pl/3367/sytuacja-epidemiologiczna-na-terenie-powiatu-pruszkowskiego-28-03-2020,17
29.03.2020,http://pruszkow.psse.waw.pl/3367/sytuacja-epidemiologiczna-w-powiecie-pruszkowskim-na-dzien-29-03-20,18
30.03.2020,http://pruszkow.psse.waw.pl/3367/sytuacja-epidemiologiczna-na-terenie-powiatu-pruszkowskiego-30-03-2020,18
31.03.2020,http://pruszkow.psse.waw.pl/3367/sytuacja-epidemiologiczna-w-powiecie-pruszkowskim-na-dzien-31-03-20,21
01.04.2020,http://pruszkow.psse.waw.pl/3367/sytuacja-epidemiologiczna-na-terenie-powiatu-pruszkowskiego-na-dzien-01-04-2020,25
02.04.2020,http://pruszkow.psse.waw.pl/3367/sytuacja-epidemiologiczna-na-terenie-powiatu-pruszkowskiego-02-04-2020,27
03.04.2020,http://pruszkow.psse.waw.pl/3367/sytuacja-epidemiologiczna-na-terenie-powiatu-pruszkowskiego-03-04-2020,28
04.04.2020,http://pruszkow.psse.waw.pl/3367/sytuacja-epidemiologiczna-na-terenie-powiatu-pruszkowskiego-na-dzien-04-04-2020,27
05.04.2020,http://pruszkow.psse.waw.pl/3367/sytuacja-epidemiologiczna-na-terenie-powiatu-pruszkowskiego-na-dzien-05-04-20,30
06.04.2020,http://pruszkow.psse.waw.pl/3367/sytuacja-epidemiologiczna-na-terenie-powiatu-pruszkowskiego-na-dzien-06-04-20,34
07.04.2020,http://pruszkow.psse.waw.pl/3367/sytuacja-epidemiologiczna-na-terenie-powiatu-pruszkowskiego-na-dzien-07-04-2020,35
08.04.2020,http://pruszkow.psse.waw.pl/3367/sytuacja-epidemiologiczna-na-terenie-powiatu-pruszkowskiego-na-dzien-08-04-2020,39
09.04.2020,http://pruszkow.psse.waw.pl/3367/sytuacja-epidemiologiczna-na-terenie-powiatu-pruszkowskiego-na-dzien-09-04-2020,44
10.04.2020,http://pruszkow.psse.waw.pl/3367/sytuacja-epidemiologiczna-na-terenie-powiatu-pruszkowskiego-na-dzien-10-04-2020,50
11.04.2020,http://pruszkow.psse.waw.pl/3367/sytuacja-epidemiologiczna-na-terenie-powiatu-pruszkowskiego-na-dzien-11-04-2020,90
12.04.2020,http://pruszkow.psse.waw.pl/3367/komunikat-panstwowego-powiatowego-inspektora-sanitarnego-w-pruszkowie-z-dnia-12-04-2020-r-przedstawiajacy-sytuacje-epidemiologic,92
13.04.2020,http://pruszkow.psse.waw.pl/3367/sytuacja-epidemiologiczna-w-powiecie-pruszkowskim-na-dzien-13-04-20,93
14.04.2020,http://pruszkow.psse.waw.pl/3367/sytuacja-epidemiologiczna-na-terenie-powiatu-pruszkowskiego-na-dzien-14-04-2020,96
15.04.2020,http://pruszkow.psse.waw.pl/3367/sytuacja-epidemiologiczna-na-terenie-powiatu-pruszkowskiego-na-dzien-15-04-2020,97
16.04.2020,http://pruszkow.psse.waw.pl/3367/sytuacja-epidemiologiczna-na-terenie-powiatu-pruszkowskiego-na-dzien-16-04-2020,97
17.04.2020,http://pruszkow.psse.waw.pl/3367/sytuacja-epidemiologiczna-na-terenie-powiatu-pruszkowskiego-na-dzien-17-04-20,97
18.04.2020,http://pruszkow.psse.waw.pl/3367/sytuacja-epidemiologiczna-na-terenie-powiatu-pruszkowskiego-na-dzien-18-04-20,101
19.04.2020,http://pruszkow.psse.waw.pl/3367/sytuacja-epidemiologiczna-na-terenie-powiatu-pruszkowskiego-na-dzien-19-04-20,104
20.04.2020,http://pruszkow.psse.waw.pl/3367/sytuacja-epidemiologiczna-na-terenie-powiatu-pruszkowskiego-na-dzien-20-04-2020,106
21.04.2020,http://pruszkow.psse.waw.pl/3367/sytuacja-epidemiologiczna-na-terenie-powiatu-pruszkowskiego-na-dzien-21-04-2020,106
22.04.2020,http://pruszkow.psse.waw.pl/3367/sytuacja-epidemiologiczna-na-terenie-powiatu-pruszkowskiego-na-dzien-22-04-2020,107
23.04.2020,http://pruszkow.psse.waw.pl/3367/sytuacja-epidemiologiczna-na-terenie-powiatu-pruszkowskiego-na-dzien-23-04-2020,117
23.04.2020,http://pruszkow.psse.waw.pl/3367/sytuacja-epidemiologiczna-na-terenie-powiatu-pruszkowskiego-na-dzien-23-04-2020,117
24.04.2020,http://pruszkow.psse.waw.pl/3367/sytuacja-epidemiologiczna-na-terenie-powiatu-pruszkowskiego-na-dzien-24-04-20,117
25.04.2020,http://pruszkow.psse.waw.pl/3367/sytuacja-epidemiologiczna-na-terenie-powiatu-pruszkowskiego-na-dzien-25-04-2020,119
26.04.2020,http://pruszkow.psse.waw.pl/3367/sytuacja-epidemiologiczna-na-terenie-powiatu-pruszkowskiego-na-dzien-26-04-20,120
27.04.2020,http://pruszkow.psse.waw.pl/3367/sytuacja-epidemiologiczna-na-terenie-powiatu-pruszkowskiego-na-dzien-27-04-2020,121
28.04.2020,http://pruszkow.psse.waw.pl/3367/sytuacja-epidemiologiczna-na-terenie-powiatu-pruszkowskiego-na-dzien-28-04-2020,121
29.04.2020,http://pruszkow.psse.waw.pl/3367/sytuacja-epidemiologiczna-na-terenie-powiatu-pruszkowskiego-na-dzien-29-04-2020,126
30.04.2020,http://pruszkow.psse.waw.pl/3367/sytuacja-epidemiologiczna-na-terenie-powiatu-pruszkowskiego-na-dzien-30-04-2020,126
01.05.2020,http://pruszkow.psse.waw.pl/3367/sytuacja-epidemiologiczna-na-terenie-powiatu-pruszkowskiego-na-dzien-01-05-20,129
02.05.2020,http://pruszkow.psse.waw.pl/3367/sytuacja-epidemiologiczna-na-terenie-powiatu-pruszkowskiego-na-dzien-02-05-20,129
03.05.2020,http://pruszkow.psse.waw.pl/3367/sytuacja-epidemiologiczna-na-terenie-powiatu-pruszkowskiego-na-dzien-03-05-2020,129
04.05.2020,http://pruszkow.psse.waw.pl/3367/sytuacja-epidemiologiczna-na-terenie-powiatu-pruszkowskiego-04-05-2020,129
05.05.2020,http://pruszkow.psse.waw.pl/3367/sytuacja-epidemiologiczna-na-terenie-powiatu-pruszkowskiego-na-dzien-05-05-20,130
06.05.2020,http://pruszkow.psse.waw.pl/3367/sytuacja-epidemiologiczna-na-terenie-powiatu-pruszkowskiego-na-dzien-06-05-2020,134
07.05.2020,http://pruszkow.psse.waw.pl/3367/sytuacja-epidemiologiczna-na-terenie-powiatu-pruszkowskiego-na-dzien-07-05-2020,135
08.05.2020,http://pruszkow.psse.waw.pl/3367/sytuacja-epidemiologiczna-na-terenie-powiatu-pruszkowskiego-na-dzien-08-05-20,135
09.05.2020,http://pruszkow.psse.waw.pl/3367/sytuacja-epidemiologiczna-na-terenie-powiatu-pruszkowskiego-09-05-20,137
10.05.2020,http://pruszkow.psse.waw.pl/3367/sytuacja-epidemiologiczna-na-terenie-powiatu-pruszkowskiego-na-dzien-10-05-20,142
11.05.2020,http://pruszkow.psse.waw.pl/3367/sytuacja-epidemiologiczna-na-terenie-powiatu-pruszkowskiego-na-dzien-11-05-20,142
12.05.2020,http://pruszkow.psse.waw.pl/3367/sytuacja-epidemiologiczna-na-terenie-powiatu-pruszkowskiego-na-dzien-12-05-2020,143
13.05.2020,http://pruszkow.psse.waw.pl/3367/sytuacja-epidemiologiczna-na-terenie-powiatu-pruszkowskiego-na-dzien-13-05-20,145
14.05.2020,http://pruszkow.psse.waw.pl/3367/sytuacja-epidemiologiczna-na-terenie-powiatu-pruszkowskiego-na-dzien-14-05-20,145
15.05.2020,http://pruszkow.psse.waw.pl/3367/sytuacja-epidemiologiczna-na-terenie-powiatu-pruszkowskiego-na-dzien-15-05-2020,145
16.05.2020,http://pruszkow.psse.waw.pl/3367/sytuacja-epidemiologiczna-na-terenie-powiatu-pruszkowskiego-na-dzien-16-05-20,146
17.05.2020,http://pruszkow.psse.waw.pl/3367/sytuacja-epidemiologiczna-na-terenie-powiatu-pruszkowskiego-17-05-20,146
18.05.2020,http://pruszkow.psse.waw.pl/3367/sytuacja-epidemiologiczna-na-terenie-powiatu-pruszkowskiego-na-dzien-18-05-2020,146
19.05.2020,http://pruszkow.psse.waw.pl/3367/sytuacja-epidemiologiczna-na-terenie-powiatu-pruszkowskiego-na-dzien-19-05-2020,149
20.05.2020,http://pruszkow.psse.waw.pl/3367/sytuacja-epidemiologiczna-na-terenie-powiatu-pruszkowskiego-na-dzien-20-05-2020,152
21.05.2020,http://pruszkow.psse.waw.pl/3367/sytuacja-epidemiologiczna-na-terenie-powiatu-pruszkowskiego-na-dzien-21-05-2020,152
22.05.2020,http://pruszkow.psse.waw.pl/3367/sytuacja-epidemiologiczna-na-terenie-powiatu-pruszkowskiego-na-dzien-22-05-2020,153
23.05.2020,http://pruszkow.psse.waw.pl/3367/sytuacja-epidemiologiczna-na-terenie-powiatu-pruszkowskiego-na-dzien-23-05-20,153
24.05.2020,http://pruszkow.psse.waw.pl/3367/sytuacja-epidemiologiczna-na-terenie-powiatu-pruszkowskiego-na-dzien-24-05-2020,154
25.05.2020,http://pruszkow.psse.waw.pl/3367/sytuacja-epidemiologiczna-na-terenie-powiatu-pruszkowskiego-na-dzien-25-05-2020,154
26.05.2020,http://pruszkow.psse.waw.pl/3367/sytuacja-epidemiologiczna-na-terenie-powiatu-pruszkowskiego-26-05-2020,155
27.05.2020,http://pruszkow.psse.waw.pl/3367/sytuacja-epidemiologiczna-na-terenie-powiatu-pruszkowskiego-na-dzien-27-05-2020,156
28.05.2020,http://pruszkow.psse.waw.pl/3367/sytuacja-epidemiologiczna-na-terenie-powiatu-pruszkowskiego-na-dzien-28-05-2020,157
29.05.2020,http://pruszkow.psse.waw.pl/3367/sytuacja-epidemiologiczna-na-terenie-powiatu-pruszkowskiego-na-dzien-29-05-2020,157
30.05.2020,http://pruszkow.psse.waw.pl/3367/sytuacja-epidemiologiczna-na-terenie-powiatu-pruszkowskiego-na-dzien-30-05-2020,157
31.05.2020,http://pruszkow.psse.waw.pl/3367/sytuacja-epidemiologiczna-na-terenie-powiatu-pruszkowskiego-na-dzien-31-05-2020,158
01.06.2020,http://pruszkow.psse.waw.pl/3367/sytuacja-epidemiologiczna-na-terenie-powiatu-pruszkowskiego-na-dzien-01-06-2020,158
02.06.2020,http://pruszkow.psse.waw.pl/3367/sytuacja-epidemiologiczna-na-terenie-powiatu-pruszkowskiego-02-06-2020,159
03.06.2020,http://pruszkow.psse.waw.pl/3367/sytuacja-epidemiologiczna-na-terenie-powiatu-pruszkowskiego-na-dzien-03-06-2020,160
04.06.2020,http://pruszkow.psse.waw.pl/3367/sytuacja-epidemiologiczna-na-terenie-powiatu-pruszkowskiego-na-dzien-04-06-2020,162
05.06.2020,http://pruszkow.psse.waw.pl/3367/sytuacja-epidemiologiczna-na-terenie-powiatu-pruszkowskiego-na-dzien-05-06-2020,164
06.06.2020,http://pruszkow.psse.waw.pl/3367/sytuacja-epidemiologiczna-na-terenie-powiatu-pruszkowskiego-na-dzien-06-06-20,164
07.06.2020,http://pruszkow.psse.waw.pl/3367/sytuacja-epidemiologiczna-na-terenie-powiatu-pruszkowskiego-na-dzien-07-06-20,165
08.06.2020,http://pruszkow.psse.waw.pl/3367/sytuacja-epidemiologiczna-na-terenie-powiatu-pruszkowskiego-na-dzien-08-06-2020,166
09.06.2020,http://pruszkow.psse.waw.pl/3367/sytuacja-epidemiologiczna-na-terenie-powiatu-pruszkowskiego-09-06-2020,167
10.06.2020,http://pruszkow.psse.waw.pl/3367/sytuacja-epidemiologiczna-na-terenie-powiatu-pruszkowskiego-na-dzien-10-06-2020,168
11.06.2020,http://pruszkow.psse.waw.pl/3367/sytuacja-epidemiologiczna-na-terenie-powiatu-pruszkowskiego-na-dzien-11-06-2020,170
12.06.2020,http://pruszkow.psse.waw.pl/3367/sytuacja-epidemiologiczna-na-terenie-powiatu-pruszkowskiego-na-dzien-12-06-2020,174
13.06.2020,http://pruszkow.psse.waw.pl/3367/sytuacja-epidemiologiczna-na-terenie-powiatu-pruszkowskiego-na-dzien-13-06-2020,178
14.06.2020,http://pruszkow.psse.waw.pl/3367/sytuacja-epidemiologiczna-na-terenie-powiatu-pruszkowskiego-na-dzien-14-06-2020,180
15.06.2020,http://pruszkow.psse.waw.pl/3367/sytuacja-epidemiologiczna-na-terenie-powiatu-pruszkowskiego-na-dzien-15-06-2020,184
16.06.2020,http://pruszkow.psse.waw.pl/3367/sytuacja-epidemiologiczna-na-terenie-powiatu-pruszkowskiego-na-dzien-16-06-2020,185
17.06.2020,http://pruszkow.psse.waw.pl/3367/sytuacja-epidemiologiczna-na-terenie-powiatu-pruszkowskiego-na-dzien-17-06-2020-12385,189
18.06.2020,http://pruszkow.psse.waw.pl/3367/sytuacja-epidemiologiczna-na-terenie-powiatu-pruszkowskiego-na-dzien-18-06-2020,191
19.06.2020,http://pruszkow.psse.waw.pl/3367/sytuacja-epidemiologiczna-na-terenie-powiatu-pruszkowskiego-na-dzien-19-06-2020,194
20.06.2020,http://pruszkow.psse.waw.pl/3367/sytuacja-epidemiologiczna-na-terenie-powiatu-pruszkowskiego-na-dzien-20-06-2020,195
21.06.2020,http://pruszkow.psse.waw.pl/3367/sytuacja-epidemiologiczna-na-terenie-powatu-pruszkowskiego-na-dzien-21-06-2020,195
22.06.2020,http://pruszkow.psse.waw.pl/3367/sytuacja-epidemiologiczna-na-terenie-powiatu-pruszkowskiego-na-dzien-22-06-2020,195
23.06.2020,http://pruszkow.psse.waw.pl/3367/sytuacja-epidemiologiczna-na-terenie-powiatu-pruszkowskiego-na-dzien-23-06-2020,195
24.06.2020,http://pruszkow.psse.waw.pl/3367/sytuacja-epidemiologiczna-na-terenie-powatu-pruszkowskiego-na-dzien-24-06-2020,195
25.06.2020,http://pruszkow.psse.waw.pl/3367/sytuacja-epidemiologiczna-na-terenie-powiatu-pruszkowskiego-na-dzien-25-06-2020-r,195
26.06.2020,http://pruszkow.psse.waw.pl/3367/sytuacja-epidemiologiczna-na-terenie-powiatu-pruszkowskiego-na-dzien-26-06-2020,195
27.06.2020,http://pruszkow.psse.waw.pl/3367/sytuacja-epidemiologiczna-na-terenie-powatu-pruszkowskiego-na-dzien-27-06-2020,195
28.06.2020,http://pruszkow.psse.waw.pl/3367/sytuacja-epidemiologiczna-na-terenie-powiatu-pruszkowskiego-na-dzien-28-06-2020,196
29.06.2020,http://pruszkow.psse.waw.pl/3367/sytuacja-epidemiologiczna-na-terenie-powiatu-pruszkowskiego-na-dzien-29-06-2020,197
30.06.2020,http://pruszkow.psse.waw.pl/3367/sytuacja-epidemiologiczna-na-terenie-powiatu-pruszkowskiego-na-dzien-30-06-2020,197
01.07.2020,http://pruszkow.psse.waw.pl/3367/sytuacja-epidemiologiczna-na-terenie-powiatu-pruszkowskiego-na-dzien-01-07-2020,198
02.07.2020,http://pruszkow.psse.waw.pl/3367/sytuacja-epidemiologiczna-na-terenie-powiatu-pruszkowskiego-na-dzien-02-07-2020,198
03.07.2020,http://pruszkow.psse.waw.pl/3367/sytuacja-epidemiologiczna-na-terenie-powiatu-pruszkowskiego-na-dzien-03-07-2020,198
04.07.2020,http://pruszkow.psse.waw.pl/3367/sytuacja-epidemiologiczna-na-terenie-powatu-pruszkowskiego-na-dzien-04-07-2020,198
05.07.2020,http://pruszkow.psse.waw.pl/3367/sytuacja-epidemiologiczna-na-terenie-powatu-pruszkowskiego-na-dzien-05-07-2020,198
06.07.2020,http://pruszkow.psse.waw.pl/3367/sytuacja-epidemiologiczna-na-terenie-powiatu-pruszkowskiego-na-dzien-06-07-2020,198
07.07.2020,http://pruszkow.psse.waw.pl/3367/sytuacja-epidemiologiczna-na-terenie-powiatu-pruszkowskiego-na-dzien-07-07-2020,198
08.07.2020,http://pruszkow.psse.waw.pl/3367/sytuacja-epidemiologiczna-na-terenie-powiatu-pruszkowskiego-na-dzien-08-07-2020,198
09.07.2020,http://pruszkow.psse.waw.pl/3367/sytuacja-epidemiologiczna-na-terenie-powiatu-pruszkowskiego-na-dzien-09-07-20,199
10.07.2020,http://pruszkow.psse.waw.pl/3367/sytuacja-epidemiologiczna-na-terenie-powiatu-pruszkowskiego-na-dzien-10-07-2020,205
11.07.2020,http://pruszkow.psse.waw.pl/3367/sytuacja-epidemiologiczna-na-terenie-powatu-pruszkowskiego-na-dzien-11-07-2020,209
12.07.2020,http://pruszkow.psse.waw.pl/3367/sytuacja-epidemiologiczna-na-terenie-powatu-pruszkowskiego-na-dzien-12-07-2020,209
13.07.2020,http://pruszkow.psse.waw.pl/3367/sytuacja-epidemiologiczna-na-terenie-powiatu-pruszkowskiego-na-dzien-13-07-2020,209
14.07.2020,http://pruszkow.psse.waw.pl/3367/sytuacja-epidemiologiczna-na-terenie-powiatu-pruszkowskiego-na-dzien-14-07-2020,209
15.07.2020,http://pruszkow.psse.waw.pl/3367/sytuacja-epidemiologiczna-na-terenie-powiatu-pruszkowskiego-na-dzien-15-07-20,210
16.07.2020,http://pruszkow.psse.waw.pl/3367/sytuacja-epidemiologiczna-na-terenie-powiatu-pruszkowskiego-na-dzien-16-07-20,211
17.07.2020,http://pruszkow.psse.waw.pl/3367/sytuacja-epidemiologiczna-na-terenie-powiatu-pruszkowskiego-na-dzien-17-07-2020,211
18.07.2020,http://pruszkow.psse.waw.pl/3367/sytuacja-epidemiologiczna-na-terenie-powiatu-pruszkowskiego-na-dzien-18-07-20,211
19.07.2020,http://pruszkow.psse.waw.pl/3367/sytuacja-epidemiologiczna-na-terenie-powiatu-pruszkowskiego-na-dzien-19-07-20,213
20.07.2020,http://pruszkow.psse.waw.pl/3367/sytuacja-epidemiologiczna-na-terenie-powiatu-pruszkowskiego-na-dzien-20-07-2020,215
21.07.2020,http://pruszkow.psse.waw.pl/3367/sytuacja-epidemiologiczna-na-terenie-powiatu-pruszkowskiego-21-07-2020,215
22.07.2020,http://pruszkow.psse.waw.pl/3367/sytuacja-epidemiologiczna-na-terenie-powiatu-pruszkowskiego-na-dzien-22-07-20,215
23.07.2020,http://pruszkow.psse.waw.pl/3367/sytuacja-epidemiologiczna-na-terenie-powiatu-pruszkowskiego-23-07-2020,215
24.07.2020,http://pruszkow.psse.waw.pl/3367/sytuacja-epidemiologiczna-na-terenie-powiatu-pruszkowskiego-na-dzien-24-07-2020-r,217
25.07.2020,http://pruszkow.psse.waw.pl/3367/sytuacja-epidemiologiczna-na-terenie-powatu-pruszkowskiego-na-dzien-25-07-2020,218
26.07.2020,http://pruszkow.psse.waw.pl/3367/sytuacja-epidemiologiczna-na-terenie-powatu-pruszkowskiego-na-dzien-26-07-2020,220
27.07.2020,http://pruszkow.psse.waw.pl/3367/sytuacja-epidemiologiczna-na-terenie-powatu-pruszkowskiego-na-dzien-27-07-2020,221
28.07.2020,http://pruszkow.psse.waw.pl/3367/sytuacja-epidemiologiczna-na-terenie-powiatu-pruszkowskiego-na-dzien-28-07-2020,223
29.07.2020,http://pruszkow.psse.waw.pl/3367/sytuacja-epidemiologiczna-na-terenie-powiatu-pruszkowskiego-na-dzien-29-07-2020,225
30.07.2020,http://pruszkow.psse.waw.pl/3367/sytuacja-epidemiologiczna-na-terenie-powatu-pruszkowskiego-na-dzien-30-07-2020,226
31.07.2020,http://pruszkow.psse.waw.pl/3367/sytuacja-epidemiologiczna-na-terenie-powiatu-pruszkowskiego-na-dzien-31-07-2020,228
01.08.2020,http://pruszkow.psse.waw.pl/3367/sytuacja-epidemiologiczna-na-terenie-powiatu-pruszkowskiego-na-dzien-01-08-2020,228
02.08.2020,http://pruszkow.psse.waw.pl/3367/sytuacja-epidemiologiczna-na-terenie-powiatu-pruszkowskiego-na-dzien-02-08-2020,228
03.08.2020,http://pruszkow.psse.waw.pl/3367/sytuacja-epidemiologiczna-na-terenie-powiatu-pruszkowskiego-na-dzien-03-08-2020,233
04.08.2020,http://pruszkow.psse.waw.pl/3367/sytuacja-epidemiologiczna-na-terenie-powiatu-pruszkowskiego-na-dzien-04-08-2020,234
05.08.2020,http://pruszkow.psse.waw.pl/3367/sytuacja-epidemiologiczna-na-terenie-powiatu-pruszkowskiego-na-dzien-05-08-2020,234
06.08.2020,http://pruszkow.psse.waw.pl/3367/sytuacja-epidemiologiczna-na-terenie-powatu-pruszkowskiego-na-dzien-06-08-2020,234
07.08.2020,http://pruszkow.psse.waw.pl/3367/sytuacja-epidemiologiczna-na-terenie-powatu-pruszkowskiego-na-dzien-07-08-2020,241
08.08.2020,http://pruszkow.psse.waw.pl/3367/sytuacja-epidemiologiczna-na-terenie-powatu-pruszkowskiego-na-dzien-08-08-2020,248
09.08.2020,http://pruszkow.psse.waw.pl/3367/sytuacja-epidemiologiczna-na-terenie-powatu-pruszkowskiego-na-dzien-09-08-2020,256
10.08.2020,http://pruszkow.psse.waw.pl/3367/sytuacja-epidemiologiczna-na-terenie-powiatu-pruszkowskiego-na-dzien-10-08-2020,261
11.08.2020,http://pruszkow.psse.waw.pl/3367/sytuacja-epidemiologiczna-na-terenie-powiatu-pruszkowskiego-na-dzien-11-08-2020,263
12.08.2020,http://pruszkow.psse.waw.pl/3367/sytuacja-epidemiologiczna-na-terenie-powiatu-pruszkowskiego-na-dzien-12-08-2020,265
13.08.2020,http://pruszkow.psse.waw.pl/3367/sytuacja-epidemiologiczna-na-terenie-powiatu-pruszkowskiego-na-dzien-13-08-2020,278
14.08.2020,http://pruszkow.psse.waw.pl/3367/sytuacja-epidemiologiczna-na-terenie-powiatu-pruszkowskiego-na-dzien-14-08-2020,279
15.08.2020,http://pruszkow.psse.waw.pl/3367/sytuacja-epidemiologiczna-na-terenie-powiatu-pruszkowskiego-na-dzien-15-08-2020,279
16.08.2020,http://pruszkow.psse.waw.pl/3367/sytuacja-epidemiologiczna-na-terenie-powiatu-pruszkowskiego-na-dzien-16-08-2020,280
17.08.2020,http://pruszkow.psse.waw.pl/3367/sytuacja-epidemiologiczna-na-terenie-powiatu-pruszkowskiego-na-dzien-17-08-2020,282
18.08.2020,http://pruszkow.psse.waw.pl/3367/sytuacja-epidemiologiczna-na-terenie-powiatu-pruszkowskiego-na-dzien-18-08-2020,285
19.08.2020,http://pruszkow.psse.waw.pl/3367/sytuacja-epidemiologiczna-na-terenie-powiatu-pruszkowskiego-na-dzien-19-08-2020,290
20.08.2020,http://pruszkow.psse.waw.pl/3367/sytuacja-epidemiologiczna-na-terenie-powiatu-pruszkowskiego-na-dzien-20-08-2020,290
21.08.2020,http://pruszkow.psse.waw.pl/3367/sytuacja-epidemiologiczna-na-terenie-powiatu-pruszkowskiego-na-dzien-21-08-2020,303
22.08.2020,http://pruszkow.psse.waw.pl/3367/sytuacja-epidemiologiczna-na-terenie-powiatu-pruszkowskiego-na-dzien-22-08-2020,303
23.08.2020,http://pruszkow.psse.waw.pl/3367/sytuacja-epidemiologiczna-na-terenie-powiatu-pruszkowskiego-na-dzien-23-08-2020,303
24.08.2020,http://pruszkow.psse.waw.pl/3367/sytuacja-epidemiologiczna-na-terenie-powiatu-pruszkowskiego-na-dzien-24-08-2020-15795,305
25.08.2020,http://pruszkow.psse.waw.pl/3367/sytuacja-epidemiologiczna-na-terenie-powiatu-pruszkowskiego-na-dzien-25-08-2020,308
26.08.2020,http://pruszkow.psse.waw.pl/3367/sytuacja-epidemiologiczna-na-terenie-powiatu-pruszkowskiego-na-dzien-26-08-2020,312
27.08.2020,http://pruszkow.psse.waw.pl/3367/sytuacja-epidemiologiczna-na-terenie-powiatu-pruszkowskiego-na-dzien-27-08-2020,317
28.08.2020,http://pruszkow.psse.waw.pl/3367/sytuacja-epidemiologiczna-na-terenie-powiatu-pruszkowskiego-na-dzien-28-08-2020,322
29.08.2020,http://pruszkow.psse.waw.pl/3367/sytuacja-epidemiologiczna-na-terenie-powiatu-pruszkowskiego-na-dzien-29-08-2020,328
30.08.2020,http://pruszkow.psse.waw.pl/3367/sytuacja-epidemiologiczna-na-terenie-powatu-pruszkowskiego-na-dzien-30-08-2020,332
31.08.2020,http://pruszkow.psse.waw.pl/3367/sytuacja-epidemiologiczna-na-terenie-powiatu-pruszkowskiego-na-dzien-31-08-2020,335
01.09.2020,http://pruszkow.psse.waw.pl/3367/sytuacja-epidemiologiczna-na-terenie-powiatu-pruszkowskiego-na-dzien-01-09-2020,336
02.09.2020,http://pruszkow.psse.waw.pl/3367/sytuacja-epidemiologiczna-na-terenie-powiatu-pruszkowskiego-na-dzien-02-09-2020,340
03.09.2020,http://pruszkow.psse.waw.pl/3367/sytuacja-epidemiologiczna-na-terenie-powiatu-pruszkowskiego-na-dzien-03-09-2020,344
04.09.2020,http://pruszkow.psse.waw.pl/3367/sytuacja-epidemiologiczna-na-terenie-powiatu-pruszkowskiego-na-dzien-04-09-2020,345
05.09.2020,http://pruszkow.psse.waw.pl/3367/sytuacja-epidemiologiczna-na-terenie-powiatu-pruszkowskiego-na-dzien-05-09-2020,346
06.09.2020,http://pruszkow.psse.waw.pl/3367/sytuacja-epidemiologiczna-na-terenie-powatu-pruszkowskiego-na-dzien-06-09-2020,348
07.09.2020,http://pruszkow.psse.waw.pl/3367/sytuacja-epidemiologiczna-na-terenie-powiatu-pruszkowskiego-na-dzien-07-09-2020,349
08.09.2020,http://pruszkow.psse.waw.pl/3367/sytuacja-epidemiologiczna-na-terenie-powiatu-pruszkowskiego-na-dzien-08-09-2020,350
09.09.2020,http://pruszkow.psse.waw.pl/3367/sytuacja-epidemiologiczna-na-terenie-powiatu-pruszkowskiego-na-dzien-09-09-2020,352
10.09.2020,http://pruszkow.psse.waw.pl/3367/sytuacja-epidemiologiczna-na-terenie-powiatu-pruszkowskiego-na-dzien-10-09-2020,356
11.09.2020,http://pruszkow.psse.waw.pl/3367/sytuacja-epidemiologiczna-na-terenie-powiatu-pruszkowskiego-na-dzien-11-09-2020,359
12.09.2020,http://pruszkow.psse.waw.pl/3367/sytuacja-epidemiologiczna-na-terenie-powiatu-pruszkowskiego-na-dzien-12-09-2020,362
13.09.2020,http://pruszkow.psse.waw.pl/3367/sytuacja-epidemiologiczna-na-terenie-powiatu-pruszkowskiego-na-dzien-13-09-2020,366
14.09.2020,http://pruszkow.psse.waw.pl/3367/sytuacja-epidemiologiczna-na-terenie-powiatu-pruszkowskiego-na-dzien-14-09-2020,369
15.09.2020,http://pruszkow.psse.waw.pl/3367/sytuacja-epidemiologiczna-na-terenie-powiatu-pruszkowskiego-na-dzien-15-09-2020,372
16.09.2020,http://pruszkow.psse.waw.pl/3367/sytuacja-epidemiologiczna-na-terenie-powiatu-pruszkowskiego-na-dzien-16-09-2020,376
17.09.2020,http://pruszkow.psse.waw.pl/3367/sytuacja-epidemiologiczna-na-terenie-powiatu-pruszkowskiego-na-dzien-17-09-2020,386
18.09.2020,http://pruszkow.psse.waw.pl/3367/sytuacja-epidemiologiczna-na-terenie-powiatu-pruszkowskiego-na-dzien-18-09-2020,392
19.09.2020,http://pruszkow.psse.waw.pl/3367/sytuacja-epidemiologiczna-na-terenie-powiatu-pruszkowskiego-na-dzien-19-09-2020,396
21.09.2020,http://pruszkow.psse.waw.pl/3367/sytuacja-epidemiologiczna-na-terenie-powiatu-pruszkowskiego-na-dzien-20-09-2020,397
21.09.2020,http://pruszkow.psse.waw.pl/3367/sytuacja-epidemiologiczna-na-terenie-powiatu-pruszkowskiego-na-dzien-21-09-2020,400
22.09.2020,http://pruszkow.psse.waw.pl/3367/sytuacja-epidemiologiczna-na-terenie-powiatu-pruszkowskiego-na-dzien-22-09-2020,407
24.09.2020,http://pruszkow.psse.waw.pl/3367/sytuacja-epidemiologiczna-na-terenie-powiatu-pruszkowskiego-na-dzien-23-09-2020,413
24.09.2020,http://pruszkow.psse.waw.pl/3367/sytuacja-epidemiologiczna-na-terenie-powiatu-pruszkowskiego-na-dzien-24-09-2020,419
25.09.2020,http://pruszkow.psse.waw.pl/3367/sytuacja-epidemiologiczna-na-terenie-powiatu-pruszkowskiego-na-dzien-25-09-2020,420
26.09.2020,http://pruszkow.psse.waw.pl/3367/sytuacja-epidemiologiczna-na-terenie-powatu-pruszkowskiego-na-dzien-26-09-2020,424
27.09.2020,http://pruszkow.psse.waw.pl/3367/sytuacja-epidemiologiczna-na-terenie-powiatu-pruszkowskiego-na-dzien-27-09-2020,426
28.09.2020,http://pruszkow.psse.waw.pl/3367/sytuacja-epidemiologiczna-na-terenie-powiatu-pruszkowskiego-na-dzien-28-09-2020,426
29.09.2020,http://pruszkow.psse.waw.pl/3367/sytuacja-epidemiologiczna-na-terenie-powiatu-pruszkowskiego-na-dzien-29-09-2020,431
30.09.2020,http://pruszkow.psse.waw.pl/3367/sytuacja-epidemiologiczna-na-terenie-powiatu-pruszkowskiego-na-dzien-30-09-2020,437
01.10.2020,http://pruszkow.psse.waw.pl/3367/sytuacja-epidemiologiczna-na-terenie-powiatu-pruszkowskiego-na-dzien-01-10-2020,437
02.10.2020,http://pruszkow.psse.waw.pl/3367/sytuacja-epidemiologiczna-na-terenie-powiatu-pruszkowskiego-na-dzien-02-10-2020,448
03.10.2020,http://pruszkow.psse.waw.pl/3367/sytuacja-epidemiologiczna-na-terenie-powatu-pruszkowskiego-na-dzien-03-10-2020,455
04.10.2020,http://pruszkow.psse.waw.pl/3367/sytuacja-epidemiologiczna-na-terenie-powiatu-pruszkowskiego-na-dzien-04-10-2020,461
05.10.2020,http://pruszkow.psse.waw.pl/3367/sytuacja-epidemiologiczna-na-terenie-powiatu-pruszkowskiego-na-dzien-05-10-2020,464
06.10.2020,http://pruszkow.psse.waw.pl/3367/sytuacja-epidemiologiczna-na-terenie-powiatu-pruszkowskiego-na-dzien-06-10-2020,470
07.10.2020,http://pruszkow.psse.waw.pl/3367/sytuacja-epidemiologiczna-na-terenie-powiatu-pruszkowskiego-na-dzien-07-10-2020,482
08.10.2020,http://pruszkow.psse.waw.pl/3367/sytuacja-epidemiologiczna-na-terenie-powiatu-pruszkowskiego-na-dzien-08-10-2020,495
09.10.2020,http://pruszkow.psse.waw.pl/3367/sytuacja-epidemiologiczna-na-terenie-powiatu-pruszkowskiego-na-dzien-09-10-2020,510
10.10.2020,http://pruszkow.psse.waw.pl/3367/sytuacja-epidemiologiczna-na-terenie-powiatu-pruszkowskiego-na-dzien-10-10-2020,522
11.10.2020,http://pruszkow.psse.waw.pl/3367/sytuacja-epidemiologiczna-na-terenie-powatu-pruszkowskiego-na-dzien-11-10-2020,535
12.10.2020,http://pruszkow.psse.waw.pl/3367/sytuacja-epidemiologiczna-na-terenie-powiatu-pruszkowskiego-na-dzien-12-10-2020,551
13.10.2020,http://pruszkow.psse.waw.pl/3367/sytuacja-epidemiologiczna-na-terenie-powiatu-pruszkowskiego-na-dzien-13-10-2020,573
14.10.2020,http://pruszkow.psse.waw.pl/3367/sytuacja-epidemiologiczna-na-terenie-powiatu-pruszkowskiego-na-dzien-14-10-2020,596
15.10.2020,http://pruszkow.psse.waw.pl/3367/sytuacja-epidemiologiczna-na-terenie-powiatu-pruszkowskiego-na-dzien-15-10-2020,625
16.10.2020,http://pruszkow.psse.waw.pl/3367/sytuacja-epidemiologiczna-na-terenie-powiatu-pruszkowskiego-na-dzien-16-10-2020,640
17.10.2020,http://pruszkow.psse.waw.pl/3367/sytuacja-epidemiologiczna-na-terenie-powatu-pruszkowskiego-na-dzien-17-10-2020,643
18.10.2020,http://pruszkow.psse.waw.pl/3367/sytuacja-epidemiologiczna-na-terenie-powiatu-pruszkowskiego-na-dzien-18-10-2020,677
19.10.2020,http://pruszkow.psse.waw.pl/3367/sytuacja-epidemiologiczna-na-terenie-powiatu-pruszkowskiego-na-dzien-19-10-2020,709
20.10.2020,http://pruszkow.psse.waw.pl/3367/sytuacja-epidemiologiczna-na-terenie-powiatu-pruszkowskiego-na-dzien-20-10-2020,739
21.10.2020,http://pruszkow.psse.waw.pl/3367/sytuacja-epidemiologiczna-na-terenie-powiatu-pruszkowskiego-na-dzien-21-10-2020,790
22.10.2020,http://pruszkow.psse.waw.pl/3367/sytuacja-epidemiologiczna-na-terenie-powiatu-pruszkowskiego-na-dzien-22-10-2020,827
23.10.2020,http://pruszkow.psse.waw.pl/3367/sytuacja-epidemiologiczna-na-terenie-powiatu-pruszkowskiego-na-dzien-23-10-2020,879
24.10.2020,http://pruszkow.psse.waw.pl/3367/sytuacja-epidemiologiczna-na-terenie-powiatu-pruszkowskiego-na-dzien-24-10-2020,910
25.10.2020,http://pruszkow.psse.waw.pl/3367/sytuacja-epidemiologiczna-na-terenie-powiatu-pruszkowskiego-na-dzien-25-10-2020,948
26.10.2020,http://pruszkow.psse.waw.pl/3367/sytuacja-epidemiologiczna-na-terenie-powiatu-pruszkowskiego-na-dzien-26-10-2020,1018
27.10.2020,http://pruszkow.psse.waw.pl/3367/sytuacja-epidemiologiczna-na-terenie-powiatu-pruszkowskiego-na-dzien-27-10-2020,1041
28.10.2020,http://pruszkow.psse.waw.pl/3367/sytuacja-epidemiologiczna-na-terenie-powiatu-pruszkowskiego-na-dzien-28-10-2020,1107
29.10.2020,http://pruszkow.psse.waw.pl/3367/sytuacja-epidemiologiczna-na-terenie-powiatu-pruszkowskiego-na-dzien-29-10-2020,1193
30.10.2020,http://pruszkow.psse.waw.pl/3367/sytuacja-epidemiologiczna-na-terenie-powatu-pruszkowskiego-na-dzien-30-10-2020,1313
31.10.2020,http://pruszkow.psse.waw.pl/3367/sytuacja-epidemiologiczna-na-terenie-powiatu-pruszkowskiego-na-dzien-31-10-2020,1463
01.11.2020,http://pruszkow.psse.waw.pl/3367/sytuacja-epidemiologiczna-na-terenie-powatu-pruszkowskiego-na-dzien-01-11-2020,1583
02.11.2020,http://pruszkow.psse.waw.pl/3367/sytuacja-epidemiologiczna-na-terenie-powiatu-pruszkowskiego-na-dzien-02-11-2020,1740
03.11.2020,http://pruszkow.psse.waw.pl/3367/sytuacja-epidemiologiczna-na-terenie-powiatu-pruszkowskiego-na-dzien-03-11-2020,1811
04.11.2020,http://pruszkow.psse.waw.pl/3367/sytuacja-epidemiologiczna-na-terenie-powiatu-pruszkowskiego-na-dzien-04-11-2020,1934
05.11.2020,http://pruszkow.psse.waw.pl/3367/sytuacja-epidemiologiczna-na-terenie-powiatu-pruszkowskiego-na-dzien-05-11-2020,2023
06.11.2020,http://pruszkow.psse.waw.pl/3367/sytuacja-epidemiologiczna-na-terenie-powiatu-pruszkowskiego-na-dzien-06-11-2020,2132
07.11.2020,http://pruszkow.psse.waw.pl/3367/sytuacja-epidemiologiczna-na-terenie-powatu-pruszkowskiego-na-dzien-07-11-2020,2271
08.11.2020,http://pruszkow.psse.waw.pl/3367/sytuacja-epidemiologiczna-na-terenie-powatu-pruszkowskiego-na-dzien-08-11-2020,2348
09.11.2020,http://pruszkow.psse.waw.pl/3367/sytuacja-epidemiologiczna-na-terenie-powiatu-pruszkowskiego-na-dzien-09-11-2020,2419
10.11.2020,http://pruszkow.psse.waw.pl/3367/sytuacja-epidemiologiczna-na-terenie-powiatu-pruszkowskiego-na-dzien-10-11-2020,2505
11.11.2020,http://pruszkow.psse.waw.pl/3367/sytuacja-epidemiologiczna-na-terenie-powiatu-pruszkowskiego-na-dzien-11-11-2020,2599
12.11.2020,http://pruszkow.psse.waw.pl/3367/sytuacja-epidemiologiczna-na-terenie-powiatu-pruszkowskiego-na-dzien-12-11-2020,2683
13.11.2020,http://pruszkow.psse.waw.pl/3367/sytuacja-epidemiologiczna-na-terenie-powiatu-pruszkowskiego-na-dzien-13-11-2020,2787
14.11.2020,http://pruszkow.psse.waw.pl/3367/sytuacja-epidemiologiczna-na-terenie-powatu-pruszkowskiego-na-dzien-14-11-2020,2836
15.11.2020,http://pruszkow.psse.waw.pl/3367/sytuacja-epidemiologiczna-na-terenie-powiatu-pruszkowskiego-na-dzien-15-11-2020,2971
16.11.2020,http://pruszkow.psse.waw.pl/3367/sytuacja-epidemiologiczna-na-terenie-powiatu-pruszkowskiego-na-dzien-16-11-2020,3019
17.11.2020,http://pruszkow.psse.waw.pl/3367/sytuacja-epidemiologiczna-na-terenie-powiatu-pruszkowskiego-na-dzien-17-11-2020,3059
18.11.2020,http://pruszkow.psse.waw.pl/3367/sytuacja-epidemiologiczna-na-terenie-powatu-pruszkowskiego-na-dzien-18-11-2020,3200
19.11.2020,http://pruszkow.psse.waw.pl/3367/sytuacja-epidemiologiczna-na-terenie-powiatu-pruszkowskiego-na-dzien-19-11-2020,3281
20.11.2020,http://pruszkow.psse.waw.pl/3367/sytuacja-epidemiologiczna-na-terenie-powiatu-pruszkowskiego-na-dzien-20-11-20-r,3385
21.11.2020,http://pruszkow.psse.waw.pl/3367/sytuacja-epidemiologiczna-na-terenie-powatu-pruszkowskiego-na-dzien-21-11-2020,3485
22.11.2020,http://pruszkow.psse.waw.pl/3367/sytuacja-epidemiologiczna-na-terenie-powatu-pruszkowskiego-na-dzien-22-11-2020,3520
